{"cameraMode":{"drawMode":0,"name":"Shaded","section":"Shading Mode"},"sceneLighting":false,"audioPlay":false,"sceneViewState":{"m_AlwaysRefresh":true,"showFog":true,"showSkybox":true,"showFlares":true,"showImageEffects":true,"showParticleSystems":true,"showVisualEffectGraphs":true,"m_FxEnabled":false},"in2DMode":false,"pivot":{"x":-0.09648609161376953,"y":11.346267700195313,"z":78.58401489257813},"rotation":{"x":0.19835403561592103,"y":-0.11146318167448044,"z":0.0227130725979805,"w":0.9735097885131836},"size":26.17685317993164,"orthographic":false}